step,fourier_train_loss,fourier_test_loss,fourier_test_r2_plume,fourier_test_mae_plume,wno_train_loss,wno_test_loss,wno_test_r2_plume,wno_test_mae_plume,delta_r2_plume,delta_test_loss
0,6.025870323181152,0.9202352166175842,-0.35649603605270386,5.133929252624512,5.748857498168945,0.9298097491264343,-0.3474101126194,5.125323295593262,0.009085923433303833,-0.009574532508850098
10,1.239285945892334,0.832048237323761,-0.6157611608505249,5.244187831878662,1.608020544052124,0.8559263348579407,-0.4779811501502991,5.2001752853393555,0.13778001070022583,-0.023878097534179688
20,1.0564184188842773,0.8374331593513489,-0.7799657583236694,5.269507884979248,1.3638923168182373,0.8415847420692444,-0.6862775087356567,5.269394397735596,0.0936882495880127,-0.004151582717895508
30,0.6352763772010803,0.8231329321861267,-0.6509872078895569,5.222116470336914,0.8622056245803833,0.8465723991394043,-0.7920110821723938,5.295611381530762,-0.14102387428283691,-0.023439466953277588
40,1.8384628295898438,0.8686634302139282,-0.7217835187911987,5.214723587036133,2.9260942935943604,0.8672438263893127,-1.1258771419525146,5.358294486999512,-0.4040936231613159,0.0014196038246154785
50,0.6283422708511353,0.8255960941314697,-0.6023491024971008,5.190837860107422,0.6873010396957397,0.8570747375488281,-0.9034643173217773,5.323561668395996,-0.3011152148246765,-0.0314786434173584
60,0.705979585647583,0.8242871761322021,-0.5680738687515259,5.17315149307251,0.9755183458328247,0.8591243028640747,-0.9415615797042847,5.332167148590088,-0.3734877109527588,-0.03483712673187256
70,0.6113947629928589,0.812694251537323,-0.5228042006492615,5.159220218658447,0.7854859828948975,0.8794237375259399,-1.102260947227478,5.359395503997803,-0.5794567465782166,-0.06672948598861694
80,0.8815804719924927,0.8133034110069275,-0.5299705862998962,5.164999961853027,1.0164207220077515,0.8700965642929077,-0.9709027409553528,5.336987495422363,-0.44093215465545654,-0.056793153285980225
90,0.52311772108078,0.8199392557144165,-0.5210230350494385,5.147961616516113,0.7296925783157349,0.8625937700271606,-0.9123250246047974,5.322098731994629,-0.3913019895553589,-0.04265451431274414
100,0.5184237360954285,0.8210285902023315,-0.5273852944374084,5.154889106750488,0.7436856031417847,0.8551560044288635,-0.9423797726631165,5.324359893798828,-0.414994478225708,-0.03412741422653198
110,0.5588910579681396,0.8174039125442505,-0.5051364302635193,5.151379585266113,0.6625100374221802,0.837592601776123,-0.7772808074951172,5.286092281341553,-0.2721443772315979,-0.02018868923187256
120,0.6345375776290894,0.8222272992134094,-0.5361064672470093,5.159791469573975,0.7592051029205322,0.8546230792999268,-0.8881424069404602,5.296995639801025,-0.3520359396934509,-0.032395780086517334
130,0.5817772150039673,0.8194613456726074,-0.5166878700256348,5.152459144592285,0.7009881734848022,0.8260162472724915,-0.6729551553726196,5.252889633178711,-0.15626728534698486,-0.006554901599884033
140,0.5046748518943787,0.8270440101623535,-0.541000485420227,5.155218601226807,0.6285461187362671,0.8199505805969238,-0.6209917068481445,5.228699684143066,-0.07999122142791748,0.0070934295654296875
150,0.5526928305625916,0.8137295842170715,-0.5027343034744263,5.138133525848389,0.699176549911499,0.8204554319381714,-0.6099432706832886,5.223355770111084,-0.1072089672088623,-0.0067258477210998535
160,0.5556924343109131,0.8137209415435791,-0.49902820587158203,5.134047508239746,0.6941841840744019,0.8228563070297241,-0.6049349308013916,5.216597557067871,-0.10590672492980957,-0.00913536548614502
170,0.5048607587814331,0.8154178857803345,-0.49727970361709595,5.1262898445129395,0.6806316375732422,0.8214048147201538,-0.6130796670913696,5.219695091247559,-0.11579996347427368,-0.005986928939819336
180,0.4527371823787689,0.818718433380127,-0.5307260751724243,5.147416114807129,0.5968049764633179,0.8238052129745483,-0.6275865435600281,5.218359470367432,-0.09686046838760376,-0.005086779594421387
190,0.5459957718849182,0.8087159991264343,-0.5008817911148071,5.137329578399658,0.6285057067871094,0.8164561986923218,-0.5944311022758484,5.210890769958496,-0.09354931116104126,-0.007740199565887451
200,0.4849797487258911,0.8189071416854858,-0.5218135118484497,5.14129114151001,0.5577373504638672,0.8245909214019775,-0.6364468336105347,5.2188520431518555,-0.11463332176208496,-0.005683779716491699
210,0.5189000368118286,0.8238850235939026,-0.5301805734634399,5.136447429656982,0.6078764796257019,0.8291459679603577,-0.6562854647636414,5.219809055328369,-0.12610489130020142,-0.005260944366455078
220,0.4462760090827942,0.8189493417739868,-0.5096504092216492,5.1247148513793945,0.5858722925186157,0.8289987444877625,-0.6665085554122925,5.224611282348633,-0.1568581461906433,-0.010049402713775635
230,0.5327034592628479,0.8213305473327637,-0.5116851925849915,5.120030403137207,0.809826135635376,0.8659544587135315,-0.7310037016868591,5.233566761016846,-0.21931850910186768,-0.04462391138076782
240,0.5001073479652405,0.8221527338027954,-0.51868736743927,5.12503719329834,0.5949101448059082,0.828771710395813,-0.6303068399429321,5.215506076812744,-0.11161947250366211,-0.006618976593017578
250,0.41706475615501404,0.8226117491722107,-0.5320767760276794,5.131687164306641,0.47993171215057373,0.8295225501060486,-0.6685410141944885,5.220855712890625,-0.13646423816680908,-0.006910800933837891
260,0.48333996534347534,0.8163149356842041,-0.5094138383865356,5.126604080200195,0.5565565228462219,0.8198346495628357,-0.643682062625885,5.212187767028809,-0.13426822423934937,-0.003519713878631592
270,0.5150584578514099,0.8234450817108154,-0.539357602596283,5.142196178436279,0.5967584252357483,0.8230572938919067,-0.6258770227432251,5.211924076080322,-0.08651942014694214,0.0003877878189086914
280,0.5478513836860657,0.819627046585083,-0.5204420685768127,5.130518913269043,0.6146218180656433,0.8273640871047974,-0.6095649003982544,5.203042030334473,-0.08912283182144165,-0.0077370405197143555
290,0.5966202020645142,0.8217350244522095,-0.541857123374939,5.145419120788574,0.8773932456970215,0.8407274484634399,-0.6626778841018677,5.215392112731934,-0.12082076072692871,-0.01899242401123047
300,0.5122260451316833,0.8234007954597473,-0.5246330499649048,5.13112735748291,0.6040289402008057,0.8355814814567566,-0.6811690330505371,5.218530178070068,-0.15653598308563232,-0.012180685997009277
310,0.5177186131477356,0.8281197547912598,-0.5191978216171265,5.120234489440918,0.5647952556610107,0.8326835632324219,-0.680324137210846,5.2211995124816895,-0.16112631559371948,-0.004563808441162109
320,0.5687287449836731,0.8203681111335754,-0.519609808921814,5.124265193939209,0.7010626792907715,0.8232690691947937,-0.5998708009719849,5.19809627532959,-0.0802609920501709,-0.0029009580612182617
330,0.7763351202011108,0.8272244930267334,-0.5319923758506775,5.12813663482666,1.2815871238708496,0.8500411510467529,-0.7516374588012695,5.2388410568237305,-0.21964508295059204,-0.02281665802001953
340,0.46840304136276245,0.8195284605026245,-0.5092947483062744,5.121457099914551,0.5981161594390869,0.8227397203445435,-0.6004685163497925,5.198193550109863,-0.09117376804351807,-0.0032112598419189453
350,0.5254781246185303,0.822323203086853,-0.5306617021560669,5.135261535644531,0.6176008582115173,0.83177649974823,-0.6609613299369812,5.210753440856934,-0.1302996277809143,-0.009453296661376953
360,0.6328086853027344,0.8226697444915771,-0.5187318325042725,5.124860763549805,0.6900447607040405,0.8320211172103882,-0.6502003073692322,5.207852363586426,-0.13146847486495972,-0.009351372718811035
370,0.5197141766548157,0.8315377235412598,-0.5400768518447876,5.1313066482543945,0.6036463379859924,0.8324155807495117,-0.6065951585769653,5.191787242889404,-0.06651830673217773,-0.0008778572082519531
380,0.4037593901157379,0.826109766960144,-0.5259727239608765,5.12440299987793,0.5138943195343018,0.8280909061431885,-0.6188200116157532,5.189964294433594,-0.09284728765487671,-0.0019811391830444336
390,0.487804114818573,0.8255805969238281,-0.531973659992218,5.128200531005859,0.5293070077896118,0.8407503962516785,-0.6795482039451599,5.207594871520996,-0.1475745439529419,-0.015169799327850342
400,0.6956061720848083,0.8213647603988647,-0.5231980085372925,5.128561973571777,0.6550396084785461,0.8250634670257568,-0.6246885061264038,5.20395565032959,-0.10149049758911133,-0.00369870662689209
410,0.4871034324169159,0.8234474658966064,-0.5199841260910034,5.124013423919678,0.5824209451675415,0.8264702558517456,-0.6269431114196777,5.199289321899414,-0.10695898532867432,-0.00302278995513916
420,0.6250059604644775,0.8267269134521484,-0.5260279178619385,5.12158727645874,0.707831084728241,0.8338921070098877,-0.6591187715530396,5.201616287231445,-0.13309085369110107,-0.007165193557739258
430,0.4771617650985718,0.8251190185546875,-0.5328035950660706,5.130215167999268,0.5389547348022461,0.8332080841064453,-0.6572829484939575,5.1984148025512695,-0.12447935342788696,-0.008089065551757812
440,0.5693159103393555,0.821865975856781,-0.5188342928886414,5.120072841644287,0.690340518951416,0.8244652152061462,-0.6157469153404236,5.195406913757324,-0.09691262245178223,-0.0025992393493652344
450,0.5505537986755371,0.822425127029419,-0.5217859148979187,5.122675895690918,0.6835041642189026,0.828474760055542,-0.6226794123649597,5.192919731140137,-0.10089349746704102,-0.006049633026123047
460,0.4393770098686218,0.8211392760276794,-0.5120221972465515,5.119118690490723,0.573820173740387,0.8270584344863892,-0.609786868095398,5.1835618019104,-0.09776467084884644,-0.005919158458709717
470,0.40934985876083374,0.824337363243103,-0.5205997824668884,5.121487617492676,0.48901841044425964,0.8261908888816833,-0.6123729944229126,5.1851396560668945,-0.09177321195602417,-0.0018535256385803223
480,0.40544593334198,0.8222798109054565,-0.5190066695213318,5.12122106552124,0.5347678661346436,0.817648708820343,-0.603346586227417,5.183206558227539,-0.0843399167060852,0.004631102085113525
490,0.49580028653144836,0.8266803026199341,-0.5286511182785034,5.123939514160156,0.5164587497711182,0.826926589012146,-0.603169858455658,5.175059795379639,-0.07451874017715454,-0.00024628639221191406
500,0.43410128355026245,0.8244476318359375,-0.5286190509796143,5.125840663909912,0.49430686235427856,0.8331618309020996,-0.659011960029602,5.1938605308532715,-0.1303929090499878,-0.00871419906616211
510,0.5830891132354736,0.8238990306854248,-0.5222707986831665,5.120893478393555,0.6768224239349365,0.8296356201171875,-0.6414690017700195,5.187042236328125,-0.11919820308685303,-0.005736589431762695
520,0.4902721345424652,0.8221198916435242,-0.5198460221290588,5.124736309051514,0.6001197695732117,0.8271573781967163,-0.6220918297767639,5.18694543838501,-0.10224580764770508,-0.005037486553192139
530,0.5334005951881409,0.8230379819869995,-0.5189887881278992,5.1209564208984375,0.6308085918426514,0.833221435546875,-0.6460192203521729,5.185650825500488,-0.12703043222427368,-0.010183453559875488
540,0.40272313356399536,0.8247213363647461,-0.5257080793380737,5.123922348022461,0.5589097738265991,0.8302936553955078,-0.636887788772583,5.183051109313965,-0.11117970943450928,-0.005572319030761719
550,0.4434049725532532,0.8245750665664673,-0.5292852520942688,5.1267595291137695,0.5171343088150024,0.827263355255127,-0.6200399398803711,5.177454471588135,-0.0907546877861023,-0.002688288688659668
560,0.48752546310424805,0.8252755403518677,-0.5265628695487976,5.121278762817383,0.5484678149223328,0.8333279490470886,-0.6307708024978638,5.17732048034668,-0.10420793294906616,-0.008052408695220947
570,0.4012584984302521,0.8235363960266113,-0.5154644250869751,5.1176557540893555,0.4835345149040222,0.8234548568725586,-0.5907093286514282,5.1636505126953125,-0.07524490356445312,8.153915405273438e-05
580,0.45831766724586487,0.8240714073181152,-0.524596631526947,5.12186861038208,0.5402938723564148,0.8295847177505493,-0.6446107625961304,5.1824727058410645,-0.12001413106918335,-0.005513310432434082
590,0.4451140761375427,0.8246831297874451,-0.5224383473396301,5.122014045715332,0.5151036381721497,0.8290836811065674,-0.6186750531196594,5.176685333251953,-0.0962367057800293,-0.0044005513191223145
600,0.4521835148334503,0.8268250823020935,-0.5235859155654907,5.119052886962891,0.539956271648407,0.8284527063369751,-0.6156381964683533,5.172332286834717,-0.09205228090286255,-0.0016276240348815918
610,0.5999066829681396,0.8212407231330872,-0.5166698694229126,5.120059013366699,0.6047200560569763,0.826011598110199,-0.6025450825691223,5.168274879455566,-0.08587521314620972,-0.004770874977111816
620,0.44849205017089844,0.8232197761535645,-0.5206128358840942,5.122384071350098,0.5418466329574585,0.8269468545913696,-0.6178186535835266,5.170125961303711,-0.09720581769943237,-0.0037270784378051758
630,0.6203652024269104,0.8260447978973389,-0.5270242691040039,5.123142242431641,0.6105877161026001,0.8311295509338379,-0.6274697780609131,5.1720662117004395,-0.10044550895690918,-0.0050847530364990234
640,0.5112662315368652,0.8256543874740601,-0.5297824740409851,5.12454080581665,0.5611755847930908,0.8325040936470032,-0.641175389289856,5.175069332122803,-0.11139291524887085,-0.006849706172943115
650,0.4677310585975647,0.823948860168457,-0.5257567763328552,5.123768329620361,0.5277763605117798,0.8283960819244385,-0.6230736374855042,5.176540374755859,-0.09731686115264893,-0.004447221755981445
660,0.3760519027709961,0.8248063325881958,-0.5244171023368835,5.121415138244629,0.4054737091064453,0.8314144015312195,-0.6253951787948608,5.169341564178467,-0.1009780764579773,-0.006608068943023682
670,0.37033557891845703,0.8219202756881714,-0.5245383977890015,5.123619556427002,0.4284645915031433,0.8262490034103394,-0.6059601902961731,5.17233943939209,-0.08142179250717163,-0.004328727722167969
680,0.5927938222885132,0.8239231705665588,-0.5211167931556702,5.120114326477051,0.637584388256073,0.8276510834693909,-0.6130306124687195,5.168816566467285,-0.09191381931304932,-0.0037279129028320312
690,0.48347634077072144,0.825629711151123,-0.5254157781600952,5.1224775314331055,0.5311349630355835,0.8291860222816467,-0.6088592410087585,5.164616107940674,-0.08344346284866333,-0.0035563111305236816
700,0.6488733291625977,0.8264869451522827,-0.5281787514686584,5.123159408569336,0.5385627746582031,0.8294272422790527,-0.6183959245681763,5.16649866104126,-0.09021717309951782,-0.0029402971267700195
710,0.5206343531608582,0.8251760005950928,-0.5229592323303223,5.120680809020996,0.5521870255470276,0.8288477659225464,-0.6203892827033997,5.167328357696533,-0.09743005037307739,-0.0036717653274536133
720,0.4729234278202057,0.8258748054504395,-0.5230236649513245,5.12045955657959,0.5561279654502869,0.8292937278747559,-0.6244922280311584,5.166499137878418,-0.10146856307983398,-0.0034189224243164062
730,0.4337001442909241,0.8257850408554077,-0.5267190337181091,5.121456623077393,0.5239949822425842,0.8296769261360168,-0.6048110127449036,5.15798282623291,-0.07809197902679443,-0.003891885280609131
740,0.4707024395465851,0.8260068893432617,-0.5308838486671448,5.12467622756958,0.47896626591682434,0.8326789140701294,-0.6386286020278931,5.170159339904785,-0.10774475336074829,-0.006672024726867676
750,0.35309967398643494,0.8252677321434021,-0.5246783494949341,5.122287750244141,0.4607943296432495,0.8285019397735596,-0.6154292821884155,5.1673102378845215,-0.09075093269348145,-0.0032342076301574707
760,0.5358561873435974,0.826389729976654,-0.5263053178787231,5.120788097381592,0.5678312182426453,0.8327754735946655,-0.6246665716171265,5.164907455444336,-0.09836125373840332,-0.006385743618011475
770,0.5061626434326172,0.8249128460884094,-0.5199403166770935,5.118111610412598,0.5715041160583496,0.8271279335021973,-0.5939391255378723,5.157536506652832,-0.07399880886077881,-0.002215087413787842
780,0.4410850703716278,0.8271663784980774,-0.5289990901947021,5.121163368225098,0.4770212173461914,0.8310697078704834,-0.6163909435272217,5.161389350891113,-0.08739185333251953,-0.003903329372406006
790,0.48253798484802246,0.8249022364616394,-0.526034951210022,5.123110771179199,0.4709174931049347,0.8262696266174316,-0.6207506060600281,5.168272018432617,-0.0947156548500061,-0.0013673901557922363
800,0.48495709896087646,0.8255454897880554,-0.5238745808601379,5.119664192199707,0.5293891429901123,0.8304157257080078,-0.6187922954559326,5.1670942306518555,-0.09491771459579468,-0.004870235919952393
810,0.5096724033355713,0.8268373012542725,-0.5318204164505005,5.124511241912842,0.5046395063400269,0.829643726348877,-0.6032498478889465,5.162104606628418,-0.07142943143844604,-0.002806425094604492
820,0.4210748076438904,0.8272570371627808,-0.5282119512557983,5.121728897094727,0.48020875453948975,0.8303995728492737,-0.6173983216285706,5.164794921875,-0.08918637037277222,-0.00314253568649292
830,0.5334110856056213,0.8265855312347412,-0.5284424424171448,5.122988700866699,0.6190841197967529,0.8310789465904236,-0.6367119550704956,5.169994354248047,-0.10826951265335083,-0.004493415355682373
840,0.4510129690170288,0.826451301574707,-0.5273061394691467,5.121727466583252,0.5149211883544922,0.8325201272964478,-0.6437711715698242,5.1715922355651855,-0.11646503210067749,-0.006068825721740723
850,0.5155165791511536,0.8257530331611633,-0.5255061388015747,5.120482444763184,0.5807571411132812,0.8295280933380127,-0.614689826965332,5.167096138000488,-0.08918368816375732,-0.0037750601768493652
860,0.4034232497215271,0.8259502649307251,-0.5252755880355835,5.121203899383545,0.4462457597255707,0.8292939066886902,-0.609743595123291,5.161952495574951,-0.08446800708770752,-0.003343641757965088
870,0.5097149610519409,0.8274873495101929,-0.5341132879257202,5.125667095184326,0.4910510778427124,0.8307622671127319,-0.6212671995162964,5.164578437805176,-0.08715391159057617,-0.0032749176025390625
880,0.38718581199645996,0.8258498907089233,-0.5264757871627808,5.121828556060791,0.42703473567962646,0.8285123109817505,-0.5987643599510193,5.158672332763672,-0.07228857278823853,-0.0026624202728271484
890,0.4911162853240967,0.8246586322784424,-0.5211483240127563,5.119176387786865,0.5219826102256775,0.8283663988113403,-0.6162616610527039,5.164426803588867,-0.09511333703994751,-0.0037077665328979492
900,0.4797733426094055,0.8250287771224976,-0.5231590270996094,5.120055198669434,0.5545464754104614,0.8297392129898071,-0.6111278533935547,5.161007881164551,-0.08796882629394531,-0.00471043586730957
910,0.5081812143325806,0.8262671232223511,-0.5290383100509644,5.123320579528809,0.5570375919342041,0.8299811482429504,-0.618735134601593,5.164910316467285,-0.08969682455062866,-0.0037140250205993652
920,0.5519664287567139,0.8257389068603516,-0.5254456400871277,5.121230125427246,0.5799447894096375,0.8283846974372864,-0.603400468826294,5.160586357116699,-0.07795482873916626,-0.0026457905769348145
930,0.4599838852882385,0.8264144659042358,-0.5254324674606323,5.120510578155518,0.5069948434829712,0.8311744332313538,-0.6124531030654907,5.157631874084473,-0.0870206356048584,-0.00475996732711792
940,0.4860498905181885,0.8261070251464844,-0.5271224975585938,5.122035026550293,0.6110666394233704,0.829214334487915,-0.6056891679763794,5.159102439880371,-0.07856667041778564,-0.003107309341430664
950,0.5180321931838989,0.8256075382232666,-0.5261453986167908,5.122425079345703,0.6170914173126221,0.8293458223342896,-0.6054911613464355,5.158328056335449,-0.07934576272964478,-0.0037382841110229492
960,0.4465252459049225,0.8258829116821289,-0.5247210264205933,5.121308326721191,0.5242483615875244,0.8292582631111145,-0.6032462120056152,5.1590399742126465,-0.07852518558502197,-0.0033753514289855957
970,0.45481541752815247,0.8265230655670166,-0.5276646614074707,5.122668266296387,0.5233888626098633,0.8307702541351318,-0.6288667917251587,5.162108421325684,-0.10120213031768799,-0.004247188568115234
980,0.5142276883125305,0.8262950778007507,-0.527570366859436,5.1229095458984375,0.5244888067245483,0.8311482667922974,-0.6317164301872253,5.1647725105285645,-0.1041460633277893,-0.004853188991546631
990,0.4050346314907074,0.8264014720916748,-0.5264586210250854,5.12130069732666,0.48029202222824097,0.8301757574081421,-0.610247015953064,5.160309791564941,-0.08378839492797852,-0.003774285316467285
1000,0.5029462575912476,0.8272322416305542,-0.5278034210205078,5.122032642364502,0.5700044631958008,0.8306972980499268,-0.6155441403388977,5.159849643707275,-0.08774071931838989,-0.0034650564193725586
1010,0.5799383521080017,0.826645016670227,-0.5266092419624329,5.121880054473877,0.5767462849617004,0.8321410417556763,-0.6367329955101013,5.1620306968688965,-0.11012375354766846,-0.005496025085449219
1020,0.5395936369895935,0.8262614011764526,-0.5220781564712524,5.11824893951416,0.6196890473365784,0.8300960063934326,-0.6117117404937744,5.159499645233154,-0.08963358402252197,-0.0038346052169799805
1030,0.4302770495414734,0.8271849155426025,-0.5264803171157837,5.120571136474609,0.46617603302001953,0.8322004079818726,-0.6275480389595032,5.160233020782471,-0.10106772184371948,-0.0050154924392700195
1040,0.4761921763420105,0.8275433778762817,-0.5288158655166626,5.122264862060547,0.5309606790542603,0.8322818279266357,-0.630984902381897,5.163240909576416,-0.10216903686523438,-0.004738450050354004
1050,0.4705303907394409,0.8273612260818481,-0.5282570123672485,5.121789455413818,0.5460149049758911,0.8293516635894775,-0.6066957116127014,5.159759044647217,-0.07843869924545288,-0.0019904375076293945
1060,0.5333439111709595,0.827530026435852,-0.5303554534912109,5.122923374176025,0.5466294288635254,0.8292315006256104,-0.6034870743751526,5.157503604888916,-0.07313162088394165,-0.0017014741897583008
1070,0.5127438306808472,0.8267910480499268,-0.5267807245254517,5.1208720207214355,0.5401140451431274,0.830569326877594,-0.6151754856109619,5.1601057052612305,-0.08839476108551025,-0.0037782788276672363
1080,0.5800637006759644,0.8265796303749084,-0.5256248712539673,5.120731353759766,0.6360060572624207,0.829949676990509,-0.6128289103507996,5.160197734832764,-0.08720403909683228,-0.003370046615600586
1090,0.6502181887626648,0.8266504406929016,-0.527531087398529,5.122742652893066,0.6296759843826294,0.8308483362197876,-0.622428834438324,5.157023906707764,-0.09489774703979492,-0.004197895526885986
1100,0.4582008719444275,0.8258303999900818,-0.5238031148910522,5.119912147521973,0.5059608221054077,0.8291704654693604,-0.5998022556304932,5.154640197753906,-0.07599914073944092,-0.0033400654792785645
1110,0.37666016817092896,0.8265727758407593,-0.526557445526123,5.122270584106445,0.4138243496417999,0.8308411836624146,-0.62147057056427,5.158385753631592,-0.09491312503814697,-0.0042684078216552734
1120,0.5598583221435547,0.8262268304824829,-0.5240100622177124,5.119958877563477,0.6480104923248291,0.8296587467193604,-0.6085194945335388,5.1591315269470215,-0.08450943231582642,-0.0034319162368774414
1130,0.5325871109962463,0.8258055448532104,-0.5219749808311462,5.118915557861328,0.6167255640029907,0.8284621238708496,-0.5948904156684875,5.153389930725098,-0.07291543483734131,-0.00265657901763916
1140,0.5023574233055115,0.8268553614616394,-0.5258360505104065,5.1212992668151855,0.5463883876800537,0.8295649290084839,-0.6082736253738403,5.1574530601501465,-0.08243757486343384,-0.0027095675468444824
1150,0.36849910020828247,0.8265577554702759,-0.5257774591445923,5.12152624130249,0.4227834939956665,0.8300812244415283,-0.6181934475898743,5.159546375274658,-0.09241598844528198,-0.0035234689712524414
1160,0.4154209792613983,0.8266065120697021,-0.5248106718063354,5.120009422302246,0.461159884929657,0.8291117548942566,-0.596710205078125,5.154389381408691,-0.07189953327178955,-0.0025052428245544434
1170,0.4578426778316498,0.8267839550971985,-0.526369571685791,5.12131929397583,0.5190519690513611,0.8300149440765381,-0.6018874645233154,5.154411315917969,-0.07551789283752441,-0.0032309889793395996
1180,0.5128699541091919,0.8274339437484741,-0.5296710133552551,5.123491287231445,0.5437606573104858,0.8310168981552124,-0.6197952032089233,5.159304618835449,-0.09012418985366821,-0.0035829544067382812
1190,0.5016932487487793,0.8268839120864868,-0.527690052986145,5.122067451477051,0.5629185438156128,0.8308016657829285,-0.6212435960769653,5.160322666168213,-0.09355354309082031,-0.00391775369644165
1200,0.42717429995536804,0.8273226022720337,-0.5284136533737183,5.122384071350098,0.48652565479278564,0.8321033716201782,-0.6200448870658875,5.158856391906738,-0.09163123369216919,-0.004780769348144531
